{
  "2.9.0": "https://redd.it/dds14w",
  "2.0.0": "https://redd.it/bkx7tl",
  "1.6.7": "https://redd.it/9afkzy",
  "1.6.6": "https://redd.it/9afkzy",
  "1.4.1": "https://redd.it/8kd917",
  "1.4.0": "https://redd.it/8kd917",
  "1.3.3": "https://redd.it/8f2jxc",
  "1.3.2": "https://redd.it/8f2jxc",
  "1.3.1": "https://redd.it/8f2jxc",
  "1.3.0": "https://redd.it/8f2jxc",
  "1.2.2": "https://redd.it/8cppf1",
  "1.2.1": "https://redd.it/8cppf1",
  "1.2.0": "https://redd.it/8cppf1",
  "1.1.0": "https://redd.it/8b6mqw",
  "1.0.2": "https://redd.it/89rwwm",
  "1.0.1": "https://redd.it/89rwwm",
  "1.0.0": "https://redd.it/89rwwm",
  "0.18.1": "https://redd.it/87iuka",
  "0.18.0": "https://redd.it/87iuka",
  "0.17.1": "https://redd.it/87d0g3",
  "0.17.0": "https://redd.it/87d0g3",
  "0.16.2": "https://redd.it/871ffx",
  "0.16.1": "https://redd.it/871ffx",
  "0.16.0": "https://redd.it/871ffx",
  "0.15.5": "https://redd.it/86mi95",
  "0.15.4": "https://redd.it/86mi95",
  "0.15.3": "https://redd.it/86mi95",
  "0.15.2": "https://redd.it/86mi95",
  "0.15.1": "https://redd.it/86mi95",
  "0.15.0": "https://redd.it/86mi95",
  "0.14.3": "https://redd.it/86d9fw",
  "0.14.2": "https://redd.it/86d9fw",
  "0.14.1": "https://redd.it/86d9fw",
  "0.14.0": "https://redd.it/86d9fw",
  "0.13.0": "https://redd.it/85ud1b",
  "0.12.1": "https://redd.it/85o957",
  "0.12.0": "https://redd.it/85o957",
  "0.11.3": "https://redd.it/85et26",
  "0.11.2": "https://redd.it/85et26",
  "0.11.1": "https://redd.it/85et26",
  "0.11.0": "https://redd.it/85et26",
  "0.10.3": "https://redd.it/850ife",
  "0.10.2": "https://redd.it/850ife",
  "0.10.1": "https://redd.it/850ife",
  "0.10.0": "https://redd.it/850ife",
  "0.9.0": "https://redd.it/84i064",
  "0.8.0": "https://redd.it/84f9n9",
  "0.7.0": "https://redd.it/847yin"
}
